,proportion_train_config,prop_inputs_source,id repetition,mape,training_time
0,0.1,0.1,0,2.433862433862426,0.1543135643005371
1,0.1,0.1,1,3.1558185404338954,0.16330504417419434
2,0.1,0.1,2,15.36013400335007,0.1504676342010498
3,0.1,0.1,3,1.685823754789237,0.15103387832641602
4,0.1,0.1,4,15.34391534391528,0.15397214889526367
5,0.1,0.1,5,36.970338983050894,0.15122294425964355
6,0.1,0.1,6,10.092592592592563,0.15328335762023926
7,0.1,0.1,7,115.5359477124183,0.15164947509765625
8,0.1,0.1,8,5.75757575757589,0.14804887771606445
9,0.1,0.1,9,43.31347517730502,0.14927244186401367
10,0.1,0.2,0,65.3603603603603,0.2077641487121582
11,0.1,0.2,1,86.75191815856795,0.19646906852722168
12,0.1,0.2,2,1908.823529411768,0.22276759147644043
13,0.1,0.2,3,34.45456355130873,0.21252202987670898
14,0.1,0.2,4,4.145176695319992,0.1968064308166504
15,0.1,0.2,5,2.1686746987953116,0.19179511070251465
16,0.1,0.2,6,16.90322580645166,0.1839137077331543
17,0.1,0.2,7,5705.236270753523,0.18315911293029785
18,0.1,0.2,8,5.428571428571476,0.18102502822875977
19,0.1,0.2,9,3.290043290043307,0.1849210262298584
20,0.1,0.30000000000000004,0,35.55555555555553,0.24077224731445312
21,0.1,0.30000000000000004,1,36.664102564102606,0.2398700714111328
22,0.1,0.30000000000000004,2,5.645161290322625,0.2904670238494873
23,0.1,0.30000000000000004,3,5.622489959839213,0.25285935401916504
24,0.1,0.30000000000000004,4,7.496542185338869,0.24155092239379883
25,0.1,0.30000000000000004,5,1.685823754789237,0.23906326293945312
26,0.1,0.30000000000000004,6,318.88685463200346,0.2367098331451416
27,0.1,0.30000000000000004,7,94.64553195855132,0.23399591445922852
28,0.1,0.30000000000000004,8,267.75203665987794,0.2487626075744629
29,0.1,0.30000000000000004,9,8.266666666666769,0.25484442710876465
30,0.1,0.4,0,40.055834729201564,0.2893345355987549
31,0.1,0.4,1,2.210587550901654,0.2832753658294678
32,0.1,0.4,2,452.9476584022026,0.28842949867248535
33,0.1,0.4,3,5.128205128205108,0.3112199306488037
34,0.1,0.4,4,6.269113149847096,0.28987884521484375
35,0.1,0.4,5,1.379310344827607,0.2867732048034668
36,0.1,0.4,6,2.727272727272725,0.2894444465637207
37,0.1,0.4,7,18.08283233132935,0.2849609851837158
38,0.1,0.4,8,4.761904761904791,0.27971887588500977
39,0.1,0.4,9,101.74830612018218,0.286715030670166
40,0.1,0.5,0,7.714285714285761,0.3508188724517822
41,0.1,0.5,1,5.821596244131408,0.34061646461486816
42,0.1,0.5,2,37.61904761904762,0.3408055305480957
43,0.1,0.5,3,32.03856749311308,0.3466300964355469
44,0.1,0.5,4,5.158730158730018,0.3358478546142578
45,0.1,0.5,5,36.970338983050894,0.33507442474365234
46,0.1,0.5,6,7.485380116959209,0.35782766342163086
47,0.1,0.5,7,16.311239193083622,0.3453178405761719
48,0.1,0.5,8,105.92851050631941,0.34209322929382324
49,0.1,0.5,9,5.555555555555642,0.3366985321044922
50,0.1,0.6000000000000001,0,16.92307692307678,0.39437365531921387
51,0.1,0.6000000000000001,1,6.009389671361483,0.3835451602935791
52,0.1,0.6000000000000001,2,18.714859437751024,0.3971433639526367
53,0.1,0.6000000000000001,3,1.3216502373128223,0.3958580493927002
54,0.1,0.6000000000000001,4,161.35945815191113,0.4053471088409424
55,0.1,0.6000000000000001,5,8.921568627451034,0.4066133499145508
56,0.1,0.6000000000000001,6,29.91684830871077,0.3998584747314453
57,0.1,0.6000000000000001,7,7.7160493827160375,0.41678929328918457
58,0.1,0.6000000000000001,8,39.9019607843137,0.4010660648345947
59,0.1,0.6000000000000001,9,8.498168498168516,0.41088104248046875
60,0.1,0.7000000000000001,0,236.6807313642763,0.4649689197540283
61,0.1,0.7000000000000001,1,21.7771906649053,0.48877716064453125
62,0.1,0.7000000000000001,2,8.199233716475208,0.4651479721069336
63,0.1,0.7000000000000001,3,316.79395385839337,0.46037817001342773
64,0.1,0.7000000000000001,4,67.50326797385625,0.45998454093933105
65,0.1,0.7000000000000001,5,96.24761904761877,0.595444917678833
66,0.1,0.7000000000000001,6,17.80648646930766,0.9660873413085938
67,0.1,0.7000000000000001,7,10.86614173228334,0.8109800815582275
68,0.1,0.7000000000000001,8,3.96825396825392,0.48519253730773926
69,0.1,0.7000000000000001,9,0.24282560706406928,0.4060084819793701
70,0.1,0.8,0,7.817460317460403,0.4666109085083008
71,0.1,0.8,1,25.980066445182654,0.4402177333831787
72,0.1,0.8,2,28.27077317933908,0.4755105972290039
73,0.1,0.8,3,402.96577946767974,0.4839487075805664
74,0.1,0.8,4,3.1558185404338954,0.46385836601257324
75,0.1,0.8,5,40.61522517429809,0.4706864356994629
76,0.1,0.8,6,462.66666666666544,0.4774649143218994
77,0.1,0.8,7,7.364341085271409,0.452892541885376
78,0.1,0.8,8,6.026785714285674,0.47293806076049805
79,0.1,0.8,9,14.564102564102704,0.4617178440093994
80,0.1,0.9,0,38.82748314197193,0.5127496719360352
81,0.1,0.9,1,34.67335562987743,0.5225145816802979
82,0.1,0.9,2,9.434343434343559,0.5075812339782715
83,0.1,0.9,3,5.6000000000001995,0.5067105293273926
84,0.1,0.9,4,5.604249667994618,0.5269057750701904
85,0.1,0.9,5,27.012987012987022,0.5142385959625244
86,0.1,0.9,6,23.84519350811483,0.5188782215118408
87,0.1,0.9,7,132.79569892473103,0.5197007656097412
88,0.1,0.9,8,40.988088264010955,0.5060734748840332
89,0.1,0.9,9,28.814317673377886,0.5209434032440186
90,0.2,0.1,0,3.226930045355098,0.1329517364501953
91,0.2,0.1,1,5.106259677303316,0.13031601905822754
92,0.2,0.1,2,2.3522378336975525,0.1319904327392578
93,0.2,0.1,3,13.27681422979074,0.13053393363952637
94,0.2,0.1,4,55.10706824356897,0.1335010528564453
95,0.2,0.1,5,37.17255839019522,0.1317577362060547
96,0.2,0.1,6,6.707877311238461,0.16092801094055176
97,0.2,0.1,7,49.71639231732251,0.1423172950744629
98,0.2,0.1,8,7.837400278470098,0.1374204158782959
99,0.2,0.1,9,11.009519749832753,0.13663649559020996
100,0.2,0.2,0,48.4716409416028,0.1803419589996338
101,0.2,0.2,1,71.18300697150403,0.17387962341308594
102,0.2,0.2,2,125.5115614944276,0.17187047004699707
103,0.2,0.2,3,0.4354112728126085,0.17411279678344727
104,0.2,0.2,4,31.78869837729431,0.1698927879333496
105,0.2,0.2,5,10.54396409794627,0.17302465438842773
106,0.2,0.2,6,16.9357643728944,0.17426013946533203
107,0.2,0.2,7,11.022259513674044,0.18165373802185059
108,0.2,0.2,8,3.77406217058011,0.1778719425201416
109,0.2,0.2,9,33.78083301342566,0.17824530601501465
110,0.2,0.30000000000000004,0,3.2359308145881958,0.22470593452453613
111,0.2,0.30000000000000004,1,67.50759582608839,0.22225713729858398
112,0.2,0.30000000000000004,2,53.10653845430438,0.22645330429077148
113,0.2,0.30000000000000004,3,1.0262743980854512,0.22974395751953125
114,0.2,0.30000000000000004,4,25.47414809923782,0.22238922119140625
115,0.2,0.30000000000000004,5,43.729651508987864,0.22012829780578613
116,0.2,0.30000000000000004,6,4.213946845369981,0.21591806411743164
117,0.2,0.30000000000000004,7,55.31375818956088,0.2223832607269287
118,0.2,0.30000000000000004,8,1.9040979072539383,0.22603678703308105
119,0.2,0.30000000000000004,9,61.47308159223197,0.2293078899383545
120,0.2,0.4,0,93.13623189188127,0.27581071853637695
121,0.2,0.4,1,2.5591876561676536,0.28178954124450684
122,0.2,0.4,2,74.19671166852369,0.28991103172302246
123,0.2,0.4,3,47.87876683569077,0.27850890159606934
124,0.2,0.4,4,96.25793912234934,0.2690105438232422
125,0.2,0.4,5,62.64632462238529,0.27786755561828613
126,0.2,0.4,6,49.1101304062074,0.26963090896606445
127,0.2,0.4,7,3.7019489959440723,0.2708468437194824
128,0.2,0.4,8,9.595721007454227,0.26462793350219727
129,0.2,0.4,9,9.503609230238778,0.2797210216522217
130,0.2,0.5,0,7.218344521327105,0.32782626152038574
131,0.2,0.5,1,2.1562525099496592,0.3518092632293701
132,0.2,0.5,2,21.961925256194583,0.33562636375427246
133,0.2,0.5,3,109.17934812644299,0.33791303634643555
134,0.2,0.5,4,58.657153922848714,0.33812475204467773
135,0.2,0.5,5,7.534878136769032,0.33516693115234375
136,0.2,0.5,6,44.363428702770904,0.32680797576904297
137,0.2,0.5,7,57.517174977193264,0.318922758102417
138,0.2,0.5,8,98.80040562325627,0.3220362663269043
139,0.2,0.5,9,92.50458256828401,0.31793904304504395
140,0.2,0.6000000000000001,0,7.998191610200306,0.3647022247314453
141,0.2,0.6000000000000001,1,17.599466730896804,0.36301159858703613
142,0.2,0.6000000000000001,2,26.56574739089514,0.3638267517089844
143,0.2,0.6000000000000001,3,7.024566583070648,0.36281418800354004
144,0.2,0.6000000000000001,4,7.924545080581543,0.37888240814208984
145,0.2,0.6000000000000001,5,1.2499168963743752,0.3817744255065918
146,0.2,0.6000000000000001,6,12.306859890210395,0.3773787021636963
147,0.2,0.6000000000000001,7,82.44772936276024,0.39198875427246094
148,0.2,0.6000000000000001,8,1.9062709793568455,0.3969261646270752
149,0.2,0.6000000000000001,9,16.35964119064973,0.39247941970825195
150,0.2,0.7000000000000001,0,26.350004081124617,0.43081212043762207
151,0.2,0.7000000000000001,1,103.99012185246315,0.41935014724731445
152,0.2,0.7000000000000001,2,42.14521013697553,0.43221068382263184
153,0.2,0.7000000000000001,3,34.024896914927005,0.4448423385620117
154,0.2,0.7000000000000001,4,34.63415252676087,0.4465794563293457
155,0.2,0.7000000000000001,5,9.425939222254632,0.43789076805114746
156,0.2,0.7000000000000001,6,50.958110933693426,0.4495861530303955
157,0.2,0.7000000000000001,7,32.835443628630394,0.44806766510009766
158,0.2,0.7000000000000001,8,2.343697023875928,0.44758176803588867
159,0.2,0.7000000000000001,9,52.563316241651194,0.43166399002075195
160,0.2,0.8,0,1.8713014659562706,0.47256040573120117
161,0.2,0.8,1,43.03737948723147,0.4754626750946045
162,0.2,0.8,2,7.908765917000885,0.4720299243927002
163,0.2,0.8,3,89.50425663530353,0.47419095039367676
164,0.2,0.8,4,4.3067308796749675,0.4848155975341797
165,0.2,0.8,5,10.589184905959918,0.4831266403198242
166,0.2,0.8,6,41.54489802346692,0.49529147148132324
167,0.2,0.8,7,26.90528183300894,0.5031063556671143
168,0.2,0.8,8,110.172106380086,0.5219221115112305
169,0.2,0.8,9,11.89823865253893,0.48867034912109375
170,0.2,0.9,0,35.381805978983,0.5507245063781738
171,0.2,0.9,1,97.20488613474815,0.5727310180664062
172,0.2,0.9,2,8.228327623125892,0.5677826404571533
173,0.2,0.9,3,6.563968978195894,0.5536701679229736
174,0.2,0.9,4,21.39122370781064,0.5568664073944092
175,0.2,0.9,5,9.481216457960583,0.554110050201416
176,0.2,0.9,6,19.81586540072691,0.59096360206604
177,0.2,0.9,7,47.49438540875647,0.6184656620025635
178,0.2,0.9,8,63.20201505651616,0.5924241542816162
179,0.2,0.9,9,4.358721091468785,0.5796501636505127
180,0.30000000000000004,0.1,0,0.9065983820366146,0.14832377433776855
181,0.30000000000000004,0.1,1,26.30115625864246,0.1551523208618164
182,0.30000000000000004,0.1,2,1.8202374892531663,0.15136337280273438
183,0.30000000000000004,0.1,3,59.284047124165895,0.14624571800231934
184,0.30000000000000004,0.1,4,53.74119617997339,0.1443309783935547
185,0.30000000000000004,0.1,5,1.2219035490381787,0.1414639949798584
186,0.30000000000000004,0.1,6,9.436462847371248,0.13928985595703125
187,0.30000000000000004,0.1,7,71.63348362223536,0.146043062210083
188,0.30000000000000004,0.1,8,12.002873835412212,0.1451256275177002
189,0.30000000000000004,0.1,9,5.791800369299852,0.1383204460144043
190,0.30000000000000004,0.2,0,38.54809858998405,0.18802332878112793
191,0.30000000000000004,0.2,1,100.8211980174416,0.17766380310058594
192,0.30000000000000004,0.2,2,37.13432168565267,0.1792914867401123
193,0.30000000000000004,0.2,3,5.702596441777348,0.17955970764160156
194,0.30000000000000004,0.2,4,60.82072322719563,0.17871642112731934
195,0.30000000000000004,0.2,5,43.15708241184593,0.17588114738464355
196,0.30000000000000004,0.2,6,49.32492265900272,0.17973613739013672
197,0.30000000000000004,0.2,7,29.238551803459877,0.17799949645996094
198,0.30000000000000004,0.2,8,46.82506132429316,0.1782379150390625
199,0.30000000000000004,0.2,9,58.03349649858382,0.17844414710998535
200,0.30000000000000004,0.30000000000000004,0,32.065328281057035,0.2336273193359375
201,0.30000000000000004,0.30000000000000004,1,63.97091027190691,0.2216813564300537
202,0.30000000000000004,0.30000000000000004,2,93.70806782745214,0.2276930809020996
203,0.30000000000000004,0.30000000000000004,3,78.20971493840145,0.22342443466186523
204,0.30000000000000004,0.30000000000000004,4,53.791429327065664,0.22420334815979004
205,0.30000000000000004,0.30000000000000004,5,53.18057618083718,0.23942065238952637
206,0.30000000000000004,0.30000000000000004,6,36.64144185667949,0.2362380027770996
207,0.30000000000000004,0.30000000000000004,7,10.522447956443798,0.24212098121643066
208,0.30000000000000004,0.30000000000000004,8,13.24631343114962,0.2305915355682373
209,0.30000000000000004,0.30000000000000004,9,0.2675424075416594,0.23613882064819336
210,0.30000000000000004,0.4,0,101.77462060213077,0.2746875286102295
211,0.30000000000000004,0.4,1,6.529735565142164,0.2725710868835449
212,0.30000000000000004,0.4,2,4.8216370062478555,0.2745487689971924
213,0.30000000000000004,0.4,3,46.7830703956193,0.2719292640686035
214,0.30000000000000004,0.4,4,55.30977080820527,0.27726149559020996
215,0.30000000000000004,0.4,5,6.033571716784092,0.2771275043487549
216,0.30000000000000004,0.4,6,37.76058392797375,0.26981115341186523
217,0.30000000000000004,0.4,7,51.077103141251044,0.2738215923309326
218,0.30000000000000004,0.4,8,6.923175031710158,0.27704429626464844
219,0.30000000000000004,0.4,9,7.846278970939704,0.2832169532775879
220,0.30000000000000004,0.5,0,39.60304321380069,0.33260560035705566
221,0.30000000000000004,0.5,1,1.8430800881894205,0.3303525447845459
222,0.30000000000000004,0.5,2,19.347672529274433,0.3430953025817871
223,0.30000000000000004,0.5,3,30.15969266790185,0.33443522453308105
224,0.30000000000000004,0.5,4,13.001327587754306,0.3356809616088867
225,0.30000000000000004,0.5,5,6.90130832870961,0.343156099319458
226,0.30000000000000004,0.5,6,4.541561956732778,0.34929776191711426
227,0.30000000000000004,0.5,7,48.97082723336841,0.3409416675567627
228,0.30000000000000004,0.5,8,0.24951592988437243,0.3262596130371094
229,0.30000000000000004,0.5,9,24.280539462941316,0.3199036121368408
230,0.30000000000000004,0.6000000000000001,0,42.029497209215606,0.3918001651763916
231,0.30000000000000004,0.6000000000000001,1,5.3332217044295,0.39774107933044434
232,0.30000000000000004,0.6000000000000001,2,49.715779928159925,0.4153313636779785
233,0.30000000000000004,0.6000000000000001,3,80.91045759132544,0.41429901123046875
234,0.30000000000000004,0.6000000000000001,4,8.21494280810664,0.40103983879089355
235,0.30000000000000004,0.6000000000000001,5,49.72534000763067,0.3988230228424072
236,0.30000000000000004,0.6000000000000001,6,93.32938489660401,0.3847534656524658
237,0.30000000000000004,0.6000000000000001,7,4.672089660872163,0.3819265365600586
238,0.30000000000000004,0.6000000000000001,8,44.97021299429556,0.3825106620788574
239,0.30000000000000004,0.6000000000000001,9,50.82255011371368,0.37363266944885254
240,0.30000000000000004,0.7000000000000001,0,7.037283490756748,0.44640183448791504
241,0.30000000000000004,0.7000000000000001,1,47.70609587199897,0.45950818061828613
242,0.30000000000000004,0.7000000000000001,2,3.6692719686352597,0.4482090473175049
243,0.30000000000000004,0.7000000000000001,3,16.556092884907255,0.4387500286102295
244,0.30000000000000004,0.7000000000000001,4,40.87310622698348,0.449343204498291
245,0.30000000000000004,0.7000000000000001,5,12.341940662748144,0.4430248737335205
246,0.30000000000000004,0.7000000000000001,6,55.74447223470307,0.45238280296325684
247,0.30000000000000004,0.7000000000000001,7,49.528695975439696,0.45943450927734375
248,0.30000000000000004,0.7000000000000001,8,11.16158822558721,0.46607351303100586
249,0.30000000000000004,0.7000000000000001,9,5.561345777920288,0.4532504081726074
250,0.30000000000000004,0.8,0,50.62935531593591,0.5235104560852051
251,0.30000000000000004,0.8,1,13.035257217341298,0.5112488269805908
252,0.30000000000000004,0.8,2,11.616762608548381,0.5224666595458984
253,0.30000000000000004,0.8,3,102.54382501211128,0.5294744968414307
254,0.30000000000000004,0.8,4,6.78460640093998,0.5358846187591553
255,0.30000000000000004,0.8,5,32.933925906036116,0.5120353698730469
256,0.30000000000000004,0.8,6,12.248798979850212,0.5030484199523926
257,0.30000000000000004,0.8,7,5.4540432319614185,0.5020709037780762
258,0.30000000000000004,0.8,8,8.78839868971849,0.5158412456512451
259,0.30000000000000004,0.8,9,56.04720594634467,0.5039734840393066
260,0.30000000000000004,0.9,0,69.03564121823706,0.5528237819671631
261,0.30000000000000004,0.9,1,62.895862914573264,0.530937671661377
262,0.30000000000000004,0.9,2,8.120541237832093,0.5446174144744873
263,0.30000000000000004,0.9,3,28.518557335926715,0.5634517669677734
264,0.30000000000000004,0.9,4,12.643482959221345,0.5620219707489014
265,0.30000000000000004,0.9,5,4.659681297225634,0.5354182720184326
266,0.30000000000000004,0.9,6,15.573958168920853,0.5429246425628662
267,0.30000000000000004,0.9,7,39.60186493953805,0.5514953136444092
268,0.30000000000000004,0.9,8,62.57632942081823,0.5568380355834961
269,0.30000000000000004,0.9,9,4.499251756599981,0.5656039714813232
270,0.4,0.1,0,4.219635269598894,0.1412200927734375
271,0.4,0.1,1,68.88508055853367,0.14321184158325195
272,0.4,0.1,2,54.328521187916756,0.14428400993347168
273,0.4,0.1,3,6.894681392291452,0.13897037506103516
274,0.4,0.1,4,70.39797456853331,0.14029788970947266
275,0.4,0.1,5,73.99641916725088,0.13983535766601562
276,0.4,0.1,6,96.13500681059199,0.1424574851989746
277,0.4,0.1,7,8.661321710993477,0.1449289321899414
278,0.4,0.1,8,88.39090666684382,0.1457982063293457
279,0.4,0.1,9,6.98849165986815,0.14360952377319336
280,0.4,0.2,0,14.867838071200602,0.18275165557861328
281,0.4,0.2,1,119.71240309106122,0.1877272129058838
282,0.4,0.2,2,12.618730515325263,0.18665361404418945
283,0.4,0.2,3,7.009760007866572,0.18581438064575195
284,0.4,0.2,4,10.852980300808579,0.18565893173217773
285,0.4,0.2,5,69.06672628402887,0.19411277770996094
286,0.4,0.2,6,74.94384663775436,0.19358372688293457
287,0.4,0.2,7,3.772907821925374,0.19073772430419922
288,0.4,0.2,8,82.13437351614202,0.18081188201904297
289,0.4,0.2,9,3.5235802930899727,0.18419313430786133
290,0.4,0.30000000000000004,0,1.0348655042749042,0.23836207389831543
291,0.4,0.30000000000000004,1,0.4596582008245104,0.24554920196533203
292,0.4,0.30000000000000004,2,17.510626937115617,0.2422025203704834
293,0.4,0.30000000000000004,3,6.9734021693834425,0.2417755126953125
294,0.4,0.30000000000000004,4,13.378985156815157,0.2525947093963623
295,0.4,0.30000000000000004,5,11.899832933298903,0.248917818069458
296,0.4,0.30000000000000004,6,1.643465250213262,0.24590349197387695
297,0.4,0.30000000000000004,7,1.6349943483870109,0.24656057357788086
298,0.4,0.30000000000000004,8,38.052973528793956,0.24155497550964355
299,0.4,0.30000000000000004,9,24.810550775947306,0.24365949630737305
300,0.4,0.4,0,3.913665594617266,0.2968904972076416
301,0.4,0.4,1,120.60738747870958,0.30596208572387695
302,0.4,0.4,2,10.261619602427102,0.2954380512237549
303,0.4,0.4,3,39.76843548341654,0.3079490661621094
304,0.4,0.4,4,4.828086648632172,0.3059566020965576
305,0.4,0.4,5,117.29560037886787,0.30654168128967285
306,0.4,0.4,6,107.3812209935331,0.29958319664001465
307,0.4,0.4,7,1.663474558342309,0.302443265914917
308,0.4,0.4,8,64.04612329601119,0.3096187114715576
309,0.4,0.4,9,50.03834889675927,0.2999706268310547
310,0.4,0.5,0,5.285174668607527,0.34767794609069824
311,0.4,0.5,1,10.214608841697814,0.3612060546875
312,0.4,0.5,2,10.00659458578359,0.36133313179016113
313,0.4,0.5,3,38.78087068460093,0.36084818840026855
314,0.4,0.5,4,74.10960621254003,0.36286139488220215
315,0.4,0.5,5,3.399281054634652,0.3677358627319336
316,0.4,0.5,6,28.700882648547932,0.36872315406799316
317,0.4,0.5,7,6.984434525271825,0.36057400703430176
318,0.4,0.5,8,6.039433878916041,0.352283239364624
319,0.4,0.5,9,83.3008656185009,0.36083316802978516
320,0.4,0.6000000000000001,0,56.070766482362586,0.41631627082824707
321,0.4,0.6000000000000001,1,1.8777518668462125,0.4234580993652344
322,0.4,0.6000000000000001,2,27.21176816341585,0.406588077545166
323,0.4,0.6000000000000001,3,6.290471122761911,0.4048957824707031
324,0.4,0.6000000000000001,4,2.7396352923643343,0.3907349109649658
325,0.4,0.6000000000000001,5,84.98185980621888,0.4133615493774414
326,0.4,0.6000000000000001,6,6.352316420367571,0.4243292808532715
327,0.4,0.6000000000000001,7,4.590538879488775,0.40631675720214844
328,0.4,0.6000000000000001,8,10.137199271851731,0.40851807594299316
329,0.4,0.6000000000000001,9,7.165298546564951,0.41100072860717773
330,0.4,0.7000000000000001,0,3.937615165622706,0.47084617614746094
331,0.4,0.7000000000000001,1,0.5116725754799428,0.466869592666626
332,0.4,0.7000000000000001,2,4.5587271670762695,0.45874643325805664
333,0.4,0.7000000000000001,3,11.033312715847245,0.4502377510070801
334,0.4,0.7000000000000001,4,120.70154485003266,0.474393367767334
335,0.4,0.7000000000000001,5,77.32267023115567,0.45928430557250977
336,0.4,0.7000000000000001,6,6.725642115115747,0.4561045169830322
337,0.4,0.7000000000000001,7,34.20132060571643,0.4670381546020508
338,0.4,0.7000000000000001,8,6.557233358746633,0.4771747589111328
339,0.4,0.7000000000000001,9,100.90841257438842,0.4667937755584717
340,0.4,0.8,0,8.54327496371167,0.5280134677886963
341,0.4,0.8,1,1.8747304855575488,0.5619182586669922
342,0.4,0.8,2,86.02214665280944,0.5486197471618652
343,0.4,0.8,3,6.61631693469921,0.5428369045257568
344,0.4,0.8,4,91.25659065249252,0.5425412654876709
345,0.4,0.8,5,1.0812376282659102,0.5282790660858154
346,0.4,0.8,6,55.11988748289143,0.5258307456970215
347,0.4,0.8,7,4.371680624497609,0.5424516201019287
348,0.4,0.8,8,31.25018267083279,0.5508067607879639
349,0.4,0.8,9,10.993861122750442,0.5436677932739258
350,0.4,0.9,0,43.55322328367274,0.6095848083496094
351,0.4,0.9,1,5.114449860296345,0.6086969375610352
352,0.4,0.9,2,5.982522648821582,0.6010994911193848
353,0.4,0.9,3,9.152633467433633,0.5920405387878418
354,0.4,0.9,4,67.57745328963956,0.5982754230499268
355,0.4,0.9,5,7.018443892824483,0.6053688526153564
356,0.4,0.9,6,5.152529409779843,0.6011323928833008
357,0.4,0.9,7,56.32806405287919,0.6066474914550781
358,0.4,0.9,8,4.635091516312991,0.5944268703460693
359,0.4,0.9,9,14.176403886726877,0.5856149196624756
360,0.5,0.1,0,12.888680212587566,0.14444470405578613
361,0.5,0.1,1,11.734092006556459,0.15924501419067383
362,0.5,0.1,2,5.1210796287697615,0.14972424507141113
363,0.5,0.1,3,10.701374516099014,0.14996886253356934
364,0.5,0.1,4,9.58423710566222,0.15050220489501953
365,0.5,0.1,5,12.608779150488985,0.14427924156188965
366,0.5,0.1,6,41.72422010639977,0.14299440383911133
367,0.5,0.1,7,5.851762842363831,0.14216089248657227
368,0.5,0.1,8,12.560321048925482,0.1453080177307129
369,0.5,0.1,9,3.4061661646126327,0.14834952354431152
370,0.5,0.2,0,0.499419971054108,0.21282410621643066
371,0.5,0.2,1,14.015969300090864,0.19764995574951172
372,0.5,0.2,2,108.43360054328156,0.1954336166381836
373,0.5,0.2,3,155.54873238245975,0.19674205780029297
374,0.5,0.2,4,5.263457417975561,0.19540047645568848
375,0.5,0.2,5,57.95662441670319,0.19407987594604492
376,0.5,0.2,6,40.1411154264795,0.1969740390777588
377,0.5,0.2,7,116.30026487300862,0.20022344589233398
378,0.5,0.2,8,88.76053819897454,0.2025604248046875
379,0.5,0.2,9,1.065362797984956,0.20374560356140137
380,0.5,0.30000000000000004,0,3.0925980276090614,0.24784302711486816
381,0.5,0.30000000000000004,1,26.827430927177637,0.25134968757629395
382,0.5,0.30000000000000004,2,23.995897672195092,0.24705862998962402
383,0.5,0.30000000000000004,3,58.65566245394671,0.2567009925842285
384,0.5,0.30000000000000004,4,60.370557231952425,0.25319433212280273
385,0.5,0.30000000000000004,5,0.8015471668538477,0.24618291854858398
386,0.5,0.30000000000000004,6,21.950012335743214,0.2539339065551758
387,0.5,0.30000000000000004,7,105.49081862939383,0.26594996452331543
388,0.5,0.30000000000000004,8,125.23734074199957,0.2633352279663086
389,0.5,0.30000000000000004,9,84.66452274405182,0.252713680267334
390,0.5,0.4,0,9.398934752510213,0.29550862312316895
391,0.5,0.4,1,11.165326042137485,0.30613160133361816
392,0.5,0.4,2,53.94294442645084,0.30090856552124023
393,0.5,0.4,3,57.04265497343386,0.303173303604126
394,0.5,0.4,4,21.990801969121094,0.2992997169494629
395,0.5,0.4,5,78.83904953176872,0.3005516529083252
396,0.5,0.4,6,109.27998767624784,0.2994956970214844
397,0.5,0.4,7,191.28355347662986,0.30569982528686523
398,0.5,0.4,8,111.93284611371628,0.30675625801086426
399,0.5,0.4,9,21.404388506335533,0.31912803649902344
400,0.5,0.5,0,180.20078644329246,0.3784809112548828
401,0.5,0.5,1,31.833483465068728,0.4650380611419678
402,0.5,0.5,2,14.024728636831505,0.8721857070922852
403,0.5,0.5,3,61.57223999022891,0.7664685249328613
404,0.5,0.5,4,48.46778318144223,0.40239572525024414
405,0.5,0.5,5,2.586196069412167,0.33027100563049316
406,0.5,0.5,6,46.41170460457629,0.33126211166381836
407,0.5,0.5,7,153.5968029664173,0.33270716667175293
408,0.5,0.5,8,36.60525123257274,0.3406219482421875
409,0.5,0.5,9,103.1707456494503,0.3295321464538574
410,0.5,0.6000000000000001,0,77.64732464763091,0.3922417163848877
411,0.5,0.6000000000000001,1,10.273246799468144,0.3890535831451416
412,0.5,0.6000000000000001,2,2.588946084651987,0.4229624271392822
413,0.5,0.6000000000000001,3,14.783283022457255,0.3966786861419678
414,0.5,0.6000000000000001,4,106.25394950199913,0.4083724021911621
415,0.5,0.6000000000000001,5,60.22508505357005,0.4186983108520508
416,0.5,0.6000000000000001,6,115.34270516810714,0.4241466522216797
417,0.5,0.6000000000000001,7,54.14303170023567,0.4127085208892822
418,0.5,0.6000000000000001,8,25.359537097559308,0.4179506301879883
419,0.5,0.6000000000000001,9,18.327809050793693,0.39025425910949707
420,0.5,0.7000000000000001,0,11.204360449493931,0.44759464263916016
421,0.5,0.7000000000000001,1,68.61316477861206,0.46195316314697266
422,0.5,0.7000000000000001,2,1.2039404942309924,0.47559642791748047
423,0.5,0.7000000000000001,3,28.97613226115432,0.46408534049987793
424,0.5,0.7000000000000001,4,8.074959615830204,0.4643826484680176
425,0.5,0.7000000000000001,5,70.62278464470532,0.4667484760284424
426,0.5,0.7000000000000001,6,6.812724744190919,0.4651820659637451
427,0.5,0.7000000000000001,7,32.75938666756901,0.4698357582092285
428,0.5,0.7000000000000001,8,176.71768602485375,0.4638843536376953
429,0.5,0.7000000000000001,9,10.933951616587759,0.4493575096130371
430,0.5,0.8,0,58.04460035779868,0.5188565254211426
431,0.5,0.8,1,41.63254775345007,0.5192523002624512
432,0.5,0.8,2,14.722272231743682,0.511500358581543
433,0.5,0.8,3,2.54829729860805,0.5009517669677734
434,0.5,0.8,4,142.96016823012712,0.5250484943389893
435,0.5,0.8,5,9.54693391153941,0.5080657005310059
436,0.5,0.8,6,8.483964663645494,0.5123140811920166
437,0.5,0.8,7,16.403470994349995,0.532951831817627
438,0.5,0.8,8,8.697055721207533,0.5290665626525879
439,0.5,0.8,9,111.82893431951481,0.5236284732818604
440,0.5,0.9,0,4.100195840466041,0.6357986927032471
441,0.5,0.9,1,72.2330382851673,0.5850927829742432
442,0.5,0.9,2,11.470160436620642,0.5611922740936279
443,0.5,0.9,3,3.429046803469994,0.5579226016998291
444,0.5,0.9,4,43.79975130646346,0.5585322380065918
445,0.5,0.9,5,58.46440298624421,0.5554900169372559
446,0.5,0.9,6,9.278967332824854,0.5902113914489746
447,0.5,0.9,7,0.692635723981112,0.6238725185394287
448,0.5,0.9,8,5.15776136413128,0.6005525588989258
449,0.5,0.9,9,39.72340434027004,0.6014602184295654
450,0.6000000000000001,0.1,0,0.6141486146230893,0.1488969326019287
451,0.6000000000000001,0.1,1,4.057211145293605,0.14238357543945312
452,0.6000000000000001,0.1,2,1.270148120249485,0.143021821975708
453,0.6000000000000001,0.1,3,70.42854053073496,0.14446043968200684
454,0.6000000000000001,0.1,4,12.770967193880779,0.14464902877807617
455,0.6000000000000001,0.1,5,61.17239313198296,0.14356374740600586
456,0.6000000000000001,0.1,6,19.6961911007715,0.1480855941772461
457,0.6000000000000001,0.1,7,7.097807473004577,0.14467978477478027
458,0.6000000000000001,0.1,8,33.401545489144354,0.14653468132019043
459,0.6000000000000001,0.1,9,160.73547185285048,0.14516282081604004
460,0.6000000000000001,0.2,0,146.40152977124643,0.20090126991271973
461,0.6000000000000001,0.2,1,13.747772276435624,0.19109702110290527
462,0.6000000000000001,0.2,2,13.36005738267696,0.20403242111206055
463,0.6000000000000001,0.2,3,40.444960962921435,0.2057051658630371
464,0.6000000000000001,0.2,4,120.00774877969775,0.19918060302734375
465,0.6000000000000001,0.2,5,19.60800286430339,0.19979047775268555
466,0.6000000000000001,0.2,6,20.807116915528624,0.19735383987426758
467,0.6000000000000001,0.2,7,79.11673725495876,0.19604969024658203
468,0.6000000000000001,0.2,8,22.057003696027465,0.19177007675170898
469,0.6000000000000001,0.2,9,46.12028486481051,0.1943213939666748
470,0.6000000000000001,0.30000000000000004,0,16.991805044053386,0.25795674324035645
471,0.6000000000000001,0.30000000000000004,1,29.38542012319081,0.24916410446166992
472,0.6000000000000001,0.30000000000000004,2,8.168193139764798,0.24893426895141602
473,0.6000000000000001,0.30000000000000004,3,96.86768859434513,0.23933959007263184
474,0.6000000000000001,0.30000000000000004,4,85.44600697009336,0.2423543930053711
475,0.6000000000000001,0.30000000000000004,5,31.18686605100259,0.24980759620666504
476,0.6000000000000001,0.30000000000000004,6,4.055515628512316,0.24986791610717773
477,0.6000000000000001,0.30000000000000004,7,1.6594868334584723,0.24467754364013672
478,0.6000000000000001,0.30000000000000004,8,137.83477038628595,0.25182676315307617
479,0.6000000000000001,0.30000000000000004,9,14.25687633641183,0.24720263481140137
480,0.6000000000000001,0.4,0,186.10020942534865,0.31640124320983887
481,0.6000000000000001,0.4,1,18.299081739954858,0.3039553165435791
482,0.6000000000000001,0.4,2,7.575890535114587,0.31153392791748047
483,0.6000000000000001,0.4,3,20.576542175088694,0.31349921226501465
484,0.6000000000000001,0.4,4,8.404481483432635,0.304002046585083
485,0.6000000000000001,0.4,5,14.149899902792152,0.330294132232666
486,0.6000000000000001,0.4,6,15.393991252476432,0.3255808353424072
487,0.6000000000000001,0.4,7,3.9839688268020854,0.31292247772216797
488,0.6000000000000001,0.4,8,5.446083824068341,0.3097219467163086
489,0.6000000000000001,0.4,9,166.06888893966504,0.30866169929504395
490,0.6000000000000001,0.5,0,0.23975532103368527,0.3649098873138428
491,0.6000000000000001,0.5,1,39.20875437856391,0.35064172744750977
492,0.6000000000000001,0.5,2,157.91005648147203,0.34792065620422363
493,0.6000000000000001,0.5,3,178.2029044961711,0.3553335666656494
494,0.6000000000000001,0.5,4,5.1507550104531745,0.3431274890899658
495,0.6000000000000001,0.5,5,18.88067357716217,0.3419921398162842
496,0.6000000000000001,0.5,6,10.633883464402977,0.34516048431396484
497,0.6000000000000001,0.5,7,92.82547378336146,0.34209299087524414
498,0.6000000000000001,0.5,8,107.40919394314201,0.3597579002380371
499,0.6000000000000001,0.5,9,246.04604190415236,0.36107325553894043
500,0.6000000000000001,0.6000000000000001,0,54.73037029801665,0.4221816062927246
501,0.6000000000000001,0.6000000000000001,1,11.566929833509741,0.4184725284576416
502,0.6000000000000001,0.6000000000000001,2,168.67093218563457,0.4318552017211914
503,0.6000000000000001,0.6000000000000001,3,1.5124685523552828,0.418593168258667
504,0.6000000000000001,0.6000000000000001,4,5.6692063545996,0.41957783699035645
505,0.6000000000000001,0.6000000000000001,5,18.213378328989076,0.4175114631652832
506,0.6000000000000001,0.6000000000000001,6,85.65394399092877,0.4225273132324219
507,0.6000000000000001,0.6000000000000001,7,11.462522702071567,0.40494227409362793
508,0.6000000000000001,0.6000000000000001,8,5.4000879946777545,0.44491076469421387
509,0.6000000000000001,0.6000000000000001,9,4.0584429836972715,0.4020698070526123
510,0.6000000000000001,0.7000000000000001,0,110.41490658444499,0.4336082935333252
511,0.6000000000000001,0.7000000000000001,1,12.092782389283608,0.41704797744750977
512,0.6000000000000001,0.7000000000000001,2,101.37600832212732,0.42541980743408203
513,0.6000000000000001,0.7000000000000001,3,63.479670080870406,0.42245960235595703
514,0.6000000000000001,0.7000000000000001,4,8.693482305921883,0.4175095558166504
515,0.6000000000000001,0.7000000000000001,5,116.5162137762272,0.41188955307006836
516,0.6000000000000001,0.7000000000000001,6,45.740087940119764,0.41477489471435547
517,0.6000000000000001,0.7000000000000001,7,24.47636640351611,0.41735148429870605
518,0.6000000000000001,0.7000000000000001,8,150.48754099028145,0.4213724136352539
519,0.6000000000000001,0.7000000000000001,9,6.733083464748529,0.40977954864501953
520,0.6000000000000001,0.8,0,1.6581581937109433,0.476961612701416
521,0.6000000000000001,0.8,1,1.8217754047827737,0.4715383052825928
522,0.6000000000000001,0.8,2,55.08135915348902,0.46563720703125
523,0.6000000000000001,0.8,3,7.803480408400369,0.45850038528442383
524,0.6000000000000001,0.8,4,3.324206714114268,0.45912885665893555
525,0.6000000000000001,0.8,5,8.642977344910307,0.48526525497436523
526,0.6000000000000001,0.8,6,36.771362989408814,0.47071242332458496
527,0.6000000000000001,0.8,7,11.066132470279271,0.4534130096435547
528,0.6000000000000001,0.8,8,3.0996882590522965,0.4680135250091553
529,0.6000000000000001,0.8,9,15.153627529469812,0.459439754486084
530,0.6000000000000001,0.9,0,5.837992465076562,0.5196959972381592
531,0.6000000000000001,0.9,1,21.24184054201918,0.5113515853881836
532,0.6000000000000001,0.9,2,7.631032890595733,0.5317549705505371
533,0.6000000000000001,0.9,3,5.4290189143039544,0.50779128074646
534,0.6000000000000001,0.9,4,1.9080233396944872,0.5147483348846436
535,0.6000000000000001,0.9,5,168.55994651202207,0.5272514820098877
536,0.6000000000000001,0.9,6,33.89072236453309,0.5302410125732422
537,0.6000000000000001,0.9,7,12.979280341679619,0.520498514175415
538,0.6000000000000001,0.9,8,8.812399798842966,0.5274100303649902
539,0.6000000000000001,0.9,9,118.08829211063816,0.5292646884918213
540,0.7000000000000001,0.1,0,12.684638757399172,0.13123226165771484
541,0.7000000000000001,0.1,1,120.11377406246521,0.1322479248046875
542,0.7000000000000001,0.1,2,23.32820556231508,0.12573814392089844
543,0.7000000000000001,0.1,3,12.676994476287543,0.12890219688415527
544,0.7000000000000001,0.1,4,43.62199283581525,0.12763142585754395
545,0.7000000000000001,0.1,5,3.3108359670627223,0.12744712829589844
546,0.7000000000000001,0.1,6,9.457676972220394,0.12722206115722656
547,0.7000000000000001,0.1,7,6.858382377990016,0.13004517555236816
548,0.7000000000000001,0.1,8,2.5044713402213987,0.12948036193847656
549,0.7000000000000001,0.1,9,41.55739663595168,0.13123226165771484
550,0.7000000000000001,0.2,0,6.418769845482367,0.17329144477844238
551,0.7000000000000001,0.2,1,47.32652230630177,0.1775975227355957
552,0.7000000000000001,0.2,2,100.14403024478513,0.17698311805725098
553,0.7000000000000001,0.2,3,32.829437126516936,0.1795973777770996
554,0.7000000000000001,0.2,4,24.652430859585966,0.177842378616333
555,0.7000000000000001,0.2,5,16.63362116752642,0.1769556999206543
556,0.7000000000000001,0.2,6,6.19006771300141,0.18506097793579102
557,0.7000000000000001,0.2,7,86.15530271664298,0.1783285140991211
558,0.7000000000000001,0.2,8,13.736472819399657,0.1777665615081787
559,0.7000000000000001,0.2,9,31.827605343960087,0.18684720993041992
560,0.7000000000000001,0.30000000000000004,0,9.754499801084505,0.2475597858428955
561,0.7000000000000001,0.30000000000000004,1,123.08033796291107,0.25127649307250977
562,0.7000000000000001,0.30000000000000004,2,3.400224980394009,0.24029874801635742
563,0.7000000000000001,0.30000000000000004,3,39.80863047300945,0.248030424118042
564,0.7000000000000001,0.30000000000000004,4,29.21588239629247,0.23060321807861328
565,0.7000000000000001,0.30000000000000004,5,4.093385760996113,0.22578883171081543
566,0.7000000000000001,0.30000000000000004,6,18.265810844605063,0.22896146774291992
567,0.7000000000000001,0.30000000000000004,7,0.8165355164687992,0.23020553588867188
568,0.7000000000000001,0.30000000000000004,8,3.497398903275136,0.249603271484375
569,0.7000000000000001,0.30000000000000004,9,17.01270198802309,0.238189697265625
570,0.7000000000000001,0.4,0,20.403757300065045,0.2847449779510498
571,0.7000000000000001,0.4,1,28.09617579780791,0.2808990478515625
572,0.7000000000000001,0.4,2,3.5828777823767157,0.2827014923095703
573,0.7000000000000001,0.4,3,82.32684799921142,0.28234100341796875
574,0.7000000000000001,0.4,4,48.23118037046709,0.29512858390808105
575,0.7000000000000001,0.4,5,8.247334048375857,0.2908604145050049
576,0.7000000000000001,0.4,6,34.494053862661275,0.28649473190307617
577,0.7000000000000001,0.4,7,71.38224516079394,0.29382967948913574
578,0.7000000000000001,0.4,8,70.37208360653521,0.29352355003356934
579,0.7000000000000001,0.4,9,39.57971699811707,0.2915937900543213
580,0.7000000000000001,0.5,0,86.99081265467113,0.3742244243621826
581,0.7000000000000001,0.5,1,5.153950126582932,0.3732614517211914
582,0.7000000000000001,0.5,2,38.424495781984945,0.3604285717010498
583,0.7000000000000001,0.5,3,59.12584572379473,0.3410916328430176
584,0.7000000000000001,0.5,4,10.402391167946407,0.34186482429504395
585,0.7000000000000001,0.5,5,11.34487975917117,0.34100770950317383
586,0.7000000000000001,0.5,6,52.615129919269506,0.3659524917602539
587,0.7000000000000001,0.5,7,56.97036396863114,0.34396958351135254
588,0.7000000000000001,0.5,8,5.4210590213745675,0.3476839065551758
589,0.7000000000000001,0.5,9,4.488397395084698,0.34410548210144043
590,0.7000000000000001,0.6000000000000001,0,5.3501156448386915,0.41415882110595703
591,0.7000000000000001,0.6000000000000001,1,107.11766678773722,0.4154682159423828
592,0.7000000000000001,0.6000000000000001,2,1.3102398606130952,0.4002203941345215
593,0.7000000000000001,0.6000000000000001,3,93.19340669328996,0.39931821823120117
594,0.7000000000000001,0.6000000000000001,4,118.05484554069601,0.42093801498413086
595,0.7000000000000001,0.6000000000000001,5,38.98402625352171,0.3982350826263428
596,0.7000000000000001,0.6000000000000001,6,12.717148253126167,0.40314483642578125
597,0.7000000000000001,0.6000000000000001,7,178.4148856706443,0.42004895210266113
598,0.7000000000000001,0.6000000000000001,8,5.826306397530582,0.41950416564941406
599,0.7000000000000001,0.6000000000000001,9,15.153302692562551,0.3972792625427246
600,0.7000000000000001,0.7000000000000001,0,25.312241846716745,0.45851778984069824
601,0.7000000000000001,0.7000000000000001,1,54.797855181001594,0.4533507823944092
602,0.7000000000000001,0.7000000000000001,2,22.61191225584186,0.4926919937133789
603,0.7000000000000001,0.7000000000000001,3,31.644316368890184,0.4721965789794922
604,0.7000000000000001,0.7000000000000001,4,36.46651988751168,0.4783313274383545
605,0.7000000000000001,0.7000000000000001,5,26.306216904258058,0.4594881534576416
606,0.7000000000000001,0.7000000000000001,6,106.12348355629835,0.4631192684173584
607,0.7000000000000001,0.7000000000000001,7,75.52085048558514,0.45591187477111816
608,0.7000000000000001,0.7000000000000001,8,3.5995562469945765,0.4570178985595703
609,0.7000000000000001,0.7000000000000001,9,141.52369957879878,0.45194268226623535
610,0.7000000000000001,0.8,0,20.46729260261604,0.5030086040496826
611,0.7000000000000001,0.8,1,21.519762039572267,0.5202150344848633
612,0.7000000000000001,0.8,2,22.245213130581245,0.5198571681976318
613,0.7000000000000001,0.8,3,91.68168570505746,0.521510124206543
614,0.7000000000000001,0.8,4,9.57020095300591,0.5301752090454102
615,0.7000000000000001,0.8,5,6.983355441752479,0.5076985359191895
616,0.7000000000000001,0.8,6,58.974328498878194,0.5339250564575195
617,0.7000000000000001,0.8,7,20.02112655507728,0.5235662460327148
618,0.7000000000000001,0.8,8,6.579269564978278,0.5551707744598389
619,0.7000000000000001,0.8,9,162.6673162304917,0.5340280532836914
620,0.7000000000000001,0.9,0,4.689609969016083,0.57193922996521
621,0.7000000000000001,0.9,1,4.544001782008509,0.5830192565917969
622,0.7000000000000001,0.9,2,32.701133473057176,0.5960860252380371
623,0.7000000000000001,0.9,3,5.7093906065745195,0.5745534896850586
624,0.7000000000000001,0.9,4,229.6126186060163,0.5969316959381104
625,0.7000000000000001,0.9,5,10.691179582191491,0.5880036354064941
626,0.7000000000000001,0.9,6,29.531930777536274,0.5877137184143066
627,0.7000000000000001,0.9,7,10.903627901732566,0.5940852165222168
628,0.7000000000000001,0.9,8,15.27198092121059,0.5520379543304443
629,0.7000000000000001,0.9,9,8.941809778940648,0.5641989707946777
630,0.8,0.1,0,9.698186746816592,0.13538217544555664
631,0.8,0.1,1,106.34763157610072,0.13240742683410645
632,0.8,0.1,2,30.562459506661575,0.1453232765197754
633,0.8,0.1,3,11.224777773172828,0.14149713516235352
634,0.8,0.1,4,24.744950878085078,0.13558554649353027
635,0.8,0.1,5,19.094411225389372,0.13515114784240723
636,0.8,0.1,6,8.368875480021968,0.13881921768188477
637,0.8,0.1,7,12.320412827196051,0.14490723609924316
638,0.8,0.1,8,6.267511927302312,0.14133930206298828
639,0.8,0.1,9,20.00257463677315,0.1381223201751709
640,0.8,0.2,0,22.47853231239205,0.19302892684936523
641,0.8,0.2,1,3.4710841062091657,0.1933002471923828
642,0.8,0.2,2,5.23059081949847,0.18920516967773438
643,0.8,0.2,3,49.961222016399084,0.19017601013183594
644,0.8,0.2,4,27.918555530939994,0.18711185455322266
645,0.8,0.2,5,109.10190636468555,0.18982386589050293
646,0.8,0.2,6,21.288035408478365,0.1832442283630371
647,0.8,0.2,7,12.50665244785411,0.18952584266662598
648,0.8,0.2,8,98.16375233327295,0.1913309097290039
649,0.8,0.2,9,20.71575445883573,0.1896970272064209
650,0.8,0.30000000000000004,0,43.189617416794896,0.25029444694519043
651,0.8,0.30000000000000004,1,11.781020764333682,0.2605006694793701
652,0.8,0.30000000000000004,2,2.392458016268253,0.2600111961364746
653,0.8,0.30000000000000004,3,9.723636695261801,0.2604939937591553
654,0.8,0.30000000000000004,4,199.98888364704476,0.26679229736328125
655,0.8,0.30000000000000004,5,25.732957555013968,0.24889588356018066
656,0.8,0.30000000000000004,6,11.960659925761906,0.23533344268798828
657,0.8,0.30000000000000004,7,0.5682391221005847,0.23873257637023926
658,0.8,0.30000000000000004,8,23.84992152623854,0.26975083351135254
659,0.8,0.30000000000000004,9,7.989110605238636,0.25479817390441895
660,0.8,0.4,0,98.1574806067069,0.29293298721313477
661,0.8,0.4,1,6.671915325855203,0.2914109230041504
662,0.8,0.4,2,26.129962557443708,0.3152201175689697
663,0.8,0.4,3,200.92986786145133,0.3104405403137207
664,0.8,0.4,4,42.27520483818213,0.30249643325805664
665,0.8,0.4,5,278.7854685068357,0.3021397590637207
666,0.8,0.4,6,10.58708232724072,0.29191040992736816
667,0.8,0.4,7,17.423382887525754,0.2902834415435791
668,0.8,0.4,8,7.924962056737694,0.29607367515563965
669,0.8,0.4,9,45.791987052316955,0.31218791007995605
670,0.8,0.5,0,1.0184541851728224,0.3475182056427002
671,0.8,0.5,1,81.39541329453802,0.350008487701416
672,0.8,0.5,2,8.19625742503119,0.3363327980041504
673,0.8,0.5,3,105.94002694873264,0.35424256324768066
674,0.8,0.5,4,6.565629242331801,0.360898494720459
675,0.8,0.5,5,6.566653336068367,0.35513877868652344
676,0.8,0.5,6,109.56797236367501,0.3591628074645996
677,0.8,0.5,7,201.46222035265797,0.35414981842041016
678,0.8,0.5,8,5.975425423965961,0.3539135456085205
679,0.8,0.5,9,20.48702201300976,0.3527348041534424
680,0.8,0.6000000000000001,0,10.373612247412924,0.39568042755126953
681,0.8,0.6000000000000001,1,20.208255026596813,0.42228007316589355
682,0.8,0.6000000000000001,2,10.943049389651602,0.4147634506225586
683,0.8,0.6000000000000001,3,26.93427829179109,0.4228324890136719
684,0.8,0.6000000000000001,4,87.58590971934687,0.4232945442199707
685,0.8,0.6000000000000001,5,63.26842262092944,0.41988444328308105
686,0.8,0.6000000000000001,6,1.8227664251852758,0.42395734786987305
687,0.8,0.6000000000000001,7,18.825331738134963,0.4364655017852783
688,0.8,0.6000000000000001,8,21.449134095560698,0.4180440902709961
689,0.8,0.6000000000000001,9,12.513814707741291,0.42136168479919434
690,0.8,0.7000000000000001,0,2.183409192969811,0.4829599857330322
691,0.8,0.7000000000000001,1,84.81270595638948,0.4747617244720459
692,0.8,0.7000000000000001,2,102.55303688310538,0.4889049530029297
693,0.8,0.7000000000000001,3,58.14536250963012,0.4994211196899414
694,0.8,0.7000000000000001,4,57.33698645332932,0.489229679107666
695,0.8,0.7000000000000001,5,15.962677945051041,0.4599647521972656
696,0.8,0.7000000000000001,6,14.24759308728156,0.48233485221862793
697,0.8,0.7000000000000001,7,28.501691126901648,0.46704769134521484
698,0.8,0.7000000000000001,8,32.972698121996295,0.4638965129852295
699,0.8,0.7000000000000001,9,3.1944003712934945,0.4610600471496582
700,0.8,0.8,0,1.352794289650197,0.534900426864624
701,0.8,0.8,1,83.58148013655003,0.5330371856689453
702,0.8,0.8,2,101.1952650591358,0.5503005981445312
703,0.8,0.8,3,61.84018746096673,0.5482275485992432
704,0.8,0.8,4,76.61985929288923,0.5514109134674072
705,0.8,0.8,5,29.979494685702708,0.55655837059021
706,0.8,0.8,6,21.17564981666995,0.5438969135284424
707,0.8,0.8,7,25.369712447706856,0.5291645526885986
708,0.8,0.8,8,8.204319682625128,0.5406889915466309
709,0.8,0.8,9,96.7921888344893,0.5556735992431641
710,0.8,0.9,0,133.10743378807078,0.6249921321868896
711,0.8,0.9,1,85.30753692091012,0.6240730285644531
712,0.8,0.9,2,69.6713284052679,0.6194605827331543
713,0.8,0.9,3,2.1988602795856496,0.5951132774353027
714,0.8,0.9,4,11.103459421160647,0.6031043529510498
715,0.8,0.9,5,11.064977485434683,0.6058738231658936
716,0.8,0.9,6,0.9904172961086276,0.6287765502929688
717,0.8,0.9,7,27.818161278993326,0.5961339473724365
718,0.8,0.9,8,67.92256174975725,0.6283485889434814
719,0.8,0.9,9,50.224663108982014,0.6020262241363525
720,0.9,0.1,0,7.3061026597505325,0.14954900741577148
721,0.9,0.1,1,6.338101268177083,0.1444084644317627
722,0.9,0.1,2,15.679048062288532,0.14464139938354492
723,0.9,0.1,3,3.1096264706352925,0.14179658889770508
724,0.9,0.1,4,1.35937140631642,0.1807231903076172
725,0.9,0.1,5,53.43215545873557,0.15674161911010742
726,0.9,0.1,6,433.82606003519084,0.14942359924316406
727,0.9,0.1,7,2.63522972631353,0.15100955963134766
728,0.9,0.1,8,305.1698693485422,0.14696788787841797
729,0.9,0.1,9,33.103980311201795,0.14399194717407227
730,0.9,0.2,0,115.39786886927945,0.20497584342956543
731,0.9,0.2,1,14.974701169115495,0.1991727352142334
732,0.9,0.2,2,7.354216718308934,0.1953566074371338
733,0.9,0.2,3,0.21849794574425543,0.1971743106842041
734,0.9,0.2,4,107.08840643522434,0.20829224586486816
735,0.9,0.2,5,67.69125660493764,0.21042704582214355
736,0.9,0.2,6,5.520219264794631,0.20682382583618164
737,0.9,0.2,7,65.46417097688865,0.20568251609802246
738,0.9,0.2,8,253.47917027700313,0.20366835594177246
739,0.9,0.2,9,223.47438050973207,0.20125555992126465
740,0.9,0.30000000000000004,0,96.66788295633934,0.27185988426208496
741,0.9,0.30000000000000004,1,108.19280317468028,0.2700634002685547
742,0.9,0.30000000000000004,2,30.905824297672968,0.2629568576812744
743,0.9,0.30000000000000004,3,55.169119483481545,0.2629873752593994
744,0.9,0.30000000000000004,4,48.33708111018634,0.2743864059448242
745,0.9,0.30000000000000004,5,17.085011628110465,0.28054070472717285
746,0.9,0.30000000000000004,6,243.5674457624927,0.26633286476135254
747,0.9,0.30000000000000004,7,0.28127330179713295,0.257174015045166
748,0.9,0.30000000000000004,8,67.52059853980572,0.26485681533813477
749,0.9,0.30000000000000004,9,2.5845726546986865,0.26724958419799805
750,0.9,0.4,0,1.4543142880546376,0.3100605010986328
751,0.9,0.4,1,0.9284416052918163,0.36386895179748535
752,0.9,0.4,2,118.69340002338002,0.34160470962524414
753,0.9,0.4,3,2.9666900223388013,0.3186380863189697
754,0.9,0.4,4,22.372201410881623,0.32570600509643555
755,0.9,0.4,5,1.0222936195114565,0.3283579349517822
756,0.9,0.4,6,1.3090791364300212,0.3262019157409668
757,0.9,0.4,7,90.5401931724933,0.3295743465423584
758,0.9,0.4,8,35.7366093776471,0.3252594470977783
759,0.9,0.4,9,46.29895419156453,0.31800031661987305
760,0.9,0.5,0,115.44366153711174,0.4123728275299072
761,0.9,0.5,1,114.8131475950705,0.38787150382995605
762,0.9,0.5,2,119.87933714619945,0.38509321212768555
763,0.9,0.5,3,1.2216250428896906,0.40630245208740234
764,0.9,0.5,4,164.18609853992396,0.38114285469055176
765,0.9,0.5,5,41.029127628851256,0.38634157180786133
766,0.9,0.5,6,90.4988128356634,0.38900136947631836
767,0.9,0.5,7,102.45289554753614,0.38532209396362305
768,0.9,0.5,8,11.826699658503923,0.46007847785949707
769,0.9,0.5,9,8.69956854837203,0.7944025993347168
770,0.9,0.6000000000000001,0,56.30797527150382,0.8327701091766357
771,0.9,0.6000000000000001,1,0.6772551383412955,0.48621606826782227
772,0.9,0.6000000000000001,2,56.46295093785757,0.4020264148712158
773,0.9,0.6000000000000001,3,0.9932472670280459,0.38001251220703125
774,0.9,0.6000000000000001,4,116.41909887696953,0.3968932628631592
775,0.9,0.6000000000000001,5,122.29103109681094,0.4043271541595459
776,0.9,0.6000000000000001,6,1.4221199567215441,0.41049742698669434
777,0.9,0.6000000000000001,7,107.6107033855888,0.4221532344818115
778,0.9,0.6000000000000001,8,1.677447988125931,0.4150810241699219
779,0.9,0.6000000000000001,9,145.54267303093036,0.40943121910095215
780,0.9,0.7000000000000001,0,114.28263904511581,0.48415541648864746
781,0.9,0.7000000000000001,1,0.3796761501818927,0.4785473346710205
782,0.9,0.7000000000000001,2,6.079057943160455,0.47736072540283203
783,0.9,0.7000000000000001,3,4.949508567549403,0.4817957878112793
784,0.9,0.7000000000000001,4,26.897471722947135,0.45978474617004395
785,0.9,0.7000000000000001,5,5.219581668086524,0.46187639236450195
786,0.9,0.7000000000000001,6,67.65064301789226,0.48702454566955566
787,0.9,0.7000000000000001,7,1.1396577221204724,0.4822428226470947
788,0.9,0.7000000000000001,8,5.862262535398424,0.4708232879638672
789,0.9,0.7000000000000001,9,221.0177351285542,0.4735903739929199
790,0.9,0.8,0,299.3931811632847,0.5350868701934814
791,0.9,0.8,1,33.833809584581715,0.5148038864135742
792,0.9,0.8,2,55.16976702119351,0.5555915832519531
793,0.9,0.8,3,0.9410900005653546,0.5200090408325195
794,0.9,0.8,4,186.2994931785073,0.5577101707458496
795,0.9,0.8,5,108.47731470809426,0.5401358604431152
796,0.9,0.8,6,24.237963474339857,0.5351681709289551
797,0.9,0.8,7,114.97657493289589,0.5350630283355713
798,0.9,0.8,8,28.509422351969715,0.5194594860076904
799,0.9,0.8,9,287.5116676514359,0.5377504825592041
800,0.9,0.9,0,54.04928342449479,0.6134128570556641
801,0.9,0.9,1,7.538395804999992,0.5875694751739502
802,0.9,0.9,2,1.7467313393563697,0.583336591720581
803,0.9,0.9,3,178.29759467421385,0.5984323024749756
804,0.9,0.9,4,6.463890212677945,0.6140432357788086
805,0.9,0.9,5,122.60287610543317,0.6300885677337646
806,0.9,0.9,6,2.2578442860760104,0.6439659595489502
807,0.9,0.9,7,133.4762565581156,0.6491522789001465
808,0.9,0.9,8,6.4189553555292,0.6540083885192871
809,0.9,0.9,9,10.71285700731615,0.6672391891479492
